"","gene","SNP","MAF","beta_t1d","se_t1d","p_t1d","beta_exp","p_exp","b","se","p","OR","ci95_lo","ci95_hi"
"1","IL2RA","rs72650666",0.0038,0.18,0.15,0.22,NA,NA,NA,NA,NA,NA,NA,NA
"2","IL2RB","rs143857582",0.002,-0.094,0.19,0.62,NA,NA,NA,NA,NA,NA,NA,NA
"3","IL2RB","rs149508414",0.0055,-0.27,0.11,0.016,NA,NA,NA,NA,NA,NA,NA,NA
"4","IL6R","rs2228145",0.38,-0.044,0.014,0.0021,NA,NA,NA,NA,NA,NA,NA,NA
"5","IL6R","rs28730735",NA,NA,NA,NA,NA,NA,NA,NA,NA,NA,NA,NA
"6","IL6ST","rs61748224",0.003,0.058,0.14,0.68,NA,NA,NA,NA,NA,NA,NA,NA
"7","IL6ST","rs61755738",0.0044,-0.015,0.11,0.89,NA,NA,NA,NA,NA,NA,NA,NA
"8","IL6ST","rs34417936",0.022,-0.11,0.049,0.03,NA,NA,NA,NA,NA,NA,NA,NA
"9","IL6ST","rs141500365",0.0018,0.044,0.22,0.84,-1.9,4.7e-138,-0.023,0.11,0.84,0.98,0.76,1.2
"10","JAK2","rs143103233",0.0014,-0.065,0.23,0.77,NA,NA,NA,NA,NA,NA,NA,NA
"11","JAK2","rs150221602",0.0011,-0.022,0.25,0.93,NA,NA,NA,NA,NA,NA,NA,NA
"12","JAK2","rs41316003",0.0073,-0.11,0.089,0.22,0.36,1.3e-07,-0.3,0.25,0.22,0.74,0.25,1.2
"13","JAK3","rs55778349",0.0084,0.02,0.094,0.83,NA,NA,NA,NA,NA,NA,NA,NA
"14","TYK2","rs55886939",0.0015,-0.23,0.19,0.21,NA,NA,NA,NA,NA,NA,NA,NA
"15","TYK2","rs34536443",0.043,-0.39,0.039,1.5e-23,NA,NA,NA,NA,NA,NA,NA,NA
"16","TYK2","rs35018800",0.0079,-0.4,0.091,1.4e-05,NA,NA,NA,NA,NA,NA,NA,NA
"17","TYK2","rs55882956",0.0017,-0.23,0.21,0.27,NA,NA,NA,NA,NA,NA,NA,NA
"18","TYK2","rs12720356",0.094,-0.15,0.025,2.4e-09,0.17,7e-22,-0.87,0.15,2.4e-09,0.42,0.13,0.7
"19","TYK2","rs139954108",0.00026,-1,1.5,0.49,NA,NA,NA,NA,NA,NA,NA,NA
"20","TYK2","rs2304256",0.28,-0.12,0.016,1.4e-14,0.25,6.4e-168,-0.49,0.064,1.4e-14,0.61,0.49,0.74
"21","TYK2","rs188833543",0.0031,-0.15,0.14,0.29,NA,NA,NA,NA,NA,NA,NA,NA
"22","TYK2","rs55762744",0.0095,-0.2,0.076,0.007,NA,NA,NA,NA,NA,NA,NA,NA
"23","TYK2","rs144960992",0.0011,0.37,0.23,0.11,NA,NA,NA,NA,NA,NA,NA,NA
